,BODY SENSATION,EYES - DRY LEAF,EYES - LIQUOR,EYES - WET LEAF,GongFu Additional Seconds,GongFu First Infusion Seconds,GongFu No Infusions,GongFu g per 100ml,Link,MOUTH - FINISH,MOUTH - TASTE,MOUTH - TEXTURE,NOSE - DRY LEAF,NOSE - EMPTY CUP,NOSE - WET LEAF,Name,Number of Reviews,Price per Gram,Score,Type,Water Temperature,Western Additional Seconds,Western First Infusion Seconds,Western No Infusions,Western g per 100ml
0,"Settled, calm, and slightly warming.","Silver green, furry even buds.","Bright, pale, chartreuse.",Pistachio green buds with soft sheen.,5.0,30.0,7.0,4.0,https://meileaf.com/p/tea-silc/,"Soft, sticky and sweet.",Cooked soya milk and nougat with green grapes.,"Thick, sticky yet creamy soft liquor.","Malt, nougat and mint humbugs.",Light maple syrup.,"Rice pudding, fennel seeds and digestive biscuits.",Heirloom Silver Needle,133.0,1.17,94.0,White,95.0,30.0,180.0,3.0,0.0
1,Bright and awakening.,"Rolled, pine and bottle green leaves.",Nashi pear green liquor.,Delicate asparagus green buds and young leaves.,10.0,30.0,7.0,3.0,https://meileaf.com/p/tea-jafc/,"Quenching to sweet, melon juiciness.","Pomelo, winter melon, frangipane and sweet biscuits.",Quenching and juicy.,Chocolate chip cookies.,Bakewell tarts.,"Raw dough, dried peas and cassis syrup.",Jade Fire,109.0,0.27,91.0,Green,80.0,30.0,120.0,2.0,0.0
2,Warming yet refreshing.,Asparagus green and mustard straight bud and one leaf.,Bright and pale genepi green liquor with lots of trichomes.,Light olive green buds and baby leaves.,5.0,30.0,5.0,3.0,https://meileaf.com/p/tea-ymfc/,Tingly and juicy with a fresh but sweet aftertaste.,"Dewy summer morning air, creamy taro and Williams pears and icing sugar.",Thick and soft.,Chocolate shortbread and toasted hazelnuts.,"Apricot jam, meringue and almonds","Wild flower honey, toasted broadbeans and green melon.",Fur Peak,181.0,0.38,93.0,Green,85.0,60.0,180.0,2.0,0.0
3,Settled yet awakening.,Matt textured kelp green medium leaves with lime green shading.,Bright lemon yellow.,Army green leaves with no stems.,10.0,30.0,5.0,3.0,https://meileaf.com/p/tea-lagc/,Sweet and juicy.,"Chard, baked potato moving to vanilla cheesecake, blanched almonds and lemon oil.",Thick and oily.,Taro chips and grenadine.,Cherry shortcake.,Fresh blueberries and creme de marron.,Melon Seed Green,364.0,0.31,84.0,Green,90.0,60.0,120.0,2.0,0.0
4,Mildly energizing.,Wet beaver brown twisted large leaves.,Rose tinted pale golden liquor,Tortoiseshell green leaves.,5.0,20.0,9.0,5.0,https://meileaf.com/p/tea-ducc/,Smooth and soft with a slight dry to juicy finish.,"Melted butter, dried raspberries and river rocks.",Soft and creamy.,"Raspberry jam and buttered, dark toasted breads.",Melted butter and macadamia nuts.,Cherry and butter pancake.,Duck Sh*t Oolong,519.0,0.61,90.0,Oolong,99.0,30.0,120.0,4.0,0.0
5,Bright yet meditative high and happy energy.,"Vibrant, deep, rich emerald green powder.",Kiwi flesh green.,n/a,0.0,0.0,0.0,0.0,https://meileaf.com/p/tea-hmmc/,"Fresh, cooling lemon balm sweetness and creamy coating.","Peanuts, whipped cream, granola and lemon balm.","Ultra smooth, round and soft in the mouth.","Dark pralines, sweet soy and creme caramel.",Spiced oat and nut cookies and vanilla yoghurt.,Peanut butter and maple syrup.,Master's Matcha,229.0,0.97,97.0,Green,0.0,0.0,0.0,0.0,0.0
6,Bright and alert yet easy and happy.,Kiwi and pistachio green leaves with toasted yellow fluff.,Bright citrine yellow.,Pickle green buds and leaves with chartreuse highlights.,5.0,20.0,6.0,3.0,https://meileaf.com/p/tea-impc/,Light grip moving to lemon drop sweetness.,"Sweet buns filled with adzuki beans, snow, aloe and almond milk.",Medium and soft.,Sweet pecan pralines and toasted edamame.,Madeira cake.,"Cooked borlotti beans, bone broth, crumpets and strawberry jam.",Imperial Green - Pre Qing Ming,856.0,0.22,88.0,Green,85.0,60.0,120.0,2.0,0.0
7,Woozy happiness.,Prune and tan medium leaves.,Caramel gold.,Deep khaki leaves.,5.0,25.0,9.0,5.0,https://meileaf.com/p/tea-sumc/,Rocky dry and vaporous eventually leading to a flooding sweetness.,"Boiled grapefruit candy, cranberry and peach with oregano and light orchids.",Medium and very mineral.,Hazelnut caramel and cooked cherries.,Dates and fudge.,"Mango, oregano and varnished woods.",Summer Haze,425.0,100.0,91.0,Oolong,99.0,30.0,120.0,3.0,0.0
8,Gentle sense of calm and warmth.,Blend of large dark brown and auburn tinged leaves.,Vibrant orange brown.,"Glossy black olive leaves with a textured, leather sheen.",5.0,25.0,10.0,5.0,https://meileaf.com/p/tea-empc/,"Juicy, tingly with a sweet mangosteen aftertaste.","Pannacotta, cooked peaches, fudge and cherry cough sweets.",Medium to thick.,Dried cherries and rum.,Raspberries and hazelnut nougat.,"Peach, vanilla and dark baked bread.",Empress Oolong,629.0,0.43,90.0,Oolong,99.0,30.0,120.0,3.0,0.0
9,Sustained energy.,Damson medium leaves.,Rose tinted golden brown.,Purple browna dn khaki leaves.,5.0,25.0,9.0,5.0,https://meileaf.com/p/tea-phoc/,"Soft, smooth with a very slight dryness to sweet juiciness.",Cooked clementine and thyme polenta cake. Doughnut peaches and forest honey.,Medium thick.,Deep baked gingerbread and salted caramel.,"Candyfloss, tarte tatin and suede.","Baked, peach cobbler, vinyl, fresh cut pinewood and orange candy.",Royal Peach Orchid,448.0,0.5,92.0,Oolong,95.0,30.0,120.0,3.0,0.0
10,Comfortable yet fresh and easy-going.,Brazil nut brown broken leaves.,Dark apricot and rose gold liquor.,Dark khaki rolled and broken leaves.,5.0,25.0,7.0,5.0,https://meileaf.com/p/tea-ynac/,Transforms to a fresh quench and lively palm sugar sweetness.,"Milk tea, brown sugar, roasted barley, preserved plums, dried apricots and dates.",Medium light.,"Dark tuile biscuits, dried apples, sweet soy rice crackers, salted plums.",Dark strawberry jam and creme caramel.,"Raisins, umeboshi, eucalyptus, resin and teh tarik.",Koji Plum,5.0,0.22,98.0,Ripened,99.0,30.0,120.0,2.0,0.0
11,"Warm, cozy and happy with a cheeky energy.",Blend of furry buds and mustard green to plum brown leaves.,Deep peach gold.,Mix of pear buds and auburn leaves.,5.0,20.0,15.0,4.0,https://meileaf.com/p/tea-jsnc/,"Light quench to flooding, buzzy juiciness with medjool date sweetness.","Cherry sweets, overipe-banana, custard, rocks, sherbet, tuberose, fresia, leather, strawberry and pear eau-de-vie.",Thick and physical.,"Apricot and orange juice, cherry boiled candy, rosehip, brazil nuts, lotus and watermelon.","Overipe banana, cooked pears and cherry woods.","Strawberry leather, quince, new leather, white peach, kumquat, lotus, raw hazelnuts.",Jade Star VII,46.0,0.39,93.0,White,99.0,30.0,120.0,5.0,0.0
12,"Relaxed, creative inspiration.",Tight rolled burnt raisin brown balls.,Golden amber.,Auburn and dark moss green large leaves.,5.0,25.0,9.0,6.0,https://meileaf.com/p/tea-agac/,Soft and long.,"Summer rain on city streets, chestnut honey, wine gums and apricots.",Medium and refreshing.,Slightly fermented raisins and dried prunes.,Apricot kombucha.,"Apricot jam, wet wood and scotch sweetness.",Amber Gaba Oolong,1150.0,0.2,94.0,Oolong,99.0,30.0,120.0,3.0,1.0
13,Woozy drunken energy.,Sage green and deep plum leaves with some furry buds.,Deep gold.,Aged lime green and bronze leaves.,5.0,20.0,15.0,4.0,https://meileaf.com/p/tea-sdrc/,"Mineral rich quench to ambrosial, juicy sweetness.","Jammy dodgers and malted soya milk, sweet tarragon and custard apples.",Medium thick with a selzer fizziness.,"Butter frangipane, cookie dough, plum wine and lotus flower.",Jam sponge pudding.,"Cherry jam, grenadine, marzipan and butter biscuits.",Simple Dreams,80.0,0.22,91.0,White,99.0,30.0,120.0,5.0,0.0
14,Easy going energy and chatty.,"Gold and chocolate brown, fine picked and twisted buds.",Deep copper orange brown liquor.,Shiny chestnut buds and baby leaves.,5.0,20.0,8.0,4.0,https://meileaf.com/p/tea-cmqc/,Soft with a sweet cherry juiciness.,"Cocoa cookies, rose, cherries and warm malted milk.",Soft and medium.,"Malted milk, chocolate and rosehip.",Guinness and malt ice cream.,Burnt cherry brownies and malted cream.,Cocoa Malt Queen,80.0,0.31,92.0,Black,95.0,60.0,120.0,2.0,0.0
15,"Bright, alert and very cheeky.","Large furry, khaki brown leaves.",Peach gold liquor.,"Full, fat, artichoke green leaves.",5.0,25.0,12.0,5.0,https://meileaf.com/p/tea-yguc/,"Bright and zingy grip with a sweet, nectar juiciness.","Toffee, banana pudding, starfruit, pine nuts and saffron custard.","Thick, soft and very creamy.","Almond brittle, saffron, fresh trainers, melon taffy candy.","Sago, saffron and rock sugar.","Banana bread, carob, pine resin and coconut jelly.",Young Gushu 2022,67.0,0.33,89.0,Raw Puerh,95.0,30.0,120.0,3.0,1.0
16,Centred but trippy and cheeky drunken happiness.,"Fine picking of silver buds, plum, khaki and mustard green leaves.",Deep pineapple gold.,Light and bright pastel green young leaves.,5.0,25.0,12.0,5.0,https://meileaf.com/p/tea-lmic/,Zingy mineral juiciness with custard apple sweetness.,"Custard apples, poached pears, cinnamon and cardamom bun, aloe, slate and banana.",Thick.,"Toffee apples, dried cranberries, blackcurrant chews, pine resin and elderflower.",Nougat and cooked bananas.,"Pear and apple compote, egg custard with nutmeg, vanilla cream, fresia, face cream and canned pineapple.",Luminary Misfit,60.0,0.36,88.0,Raw Puerh,95.0,30.0,120.0,3.0,0.0
17,"Cooling and chilled with a light, enduring energy.",Blend of tarnished gold buds and raisin brown leaves.,Deep burnished brown with a sunset orange rim.,Deep wenge brown young leaves.,5.0,20.0,15.0,5.0,https://meileaf.com/p/tea-kbcc/,Cola sweet juiciness.,"Cherry cola, vanilla custard, blackcurrant pastilles, rum, cedar and slate.",Thick.,"Proving dough, butterscotch and black cherry jam.",Treacle soda bread.,"Rum raisin ice cream, fluffy milk bread and wet pavements.",Kick Back Champ,37.0,0.19,90.0,Ripened,99.0,30.0,120.0,5.0,0.0
18,Potent warming and tingling high with a deep digestif soothing nature.,Rich and textured  caramel brown leaves.,Deep glowing mahogany brown with rosewood rim.,Chocolate brown leaves.,5.0,20.0,18.0,5.0,https://meileaf.com/p/tea-gmrc/,"Uber-smooth and rounded with a fresh and cooling, sweet anise juiciness.","Dark toffee, chocolate covered prunes, fennel seeds, suede and light chocolate milk.","Oily, thick and incredibly smooth.","Brownies, black liquorice, gingerbread, rising dough, UHT milk and instant cappuccino.",Embers and butterscotch.,"Vanilla whipped cream, bourbon caramel, hay, shou wu, chocolate raisins and fresh pears.",Grand Master Ripe,20.0,0.87,95.0,Ripened,99.0,30.0,120.0,5.0,0.0
19,"Energising, mind stimulating and mood enhancing.","Deep, lime green micronised powder.",Dark and rich basil green liquor.,n/a,0.0,0.0,0.0,0.0,https://meileaf.com/p/tea-orgc/,Cream finish with a sugared juiciness.,"Oat milk, hazelnuts, edamame and white chocolate.","Soft, silky and creamy.",Chocolate malted soy milk and hazelnuts.,Frangelico and cream.,"Salted porridge, parma violets and pancake syrup.",Ceremonial Matcha Tea,280.0,0.54,91.0,Green,0.0,0.0,0.0,0.0,0.0
20,"Bright, warming relaxation.","Granola and raisin brown, small, rolled balls.",Peach golden liquor.,"Dark khaki, tender, medium leaves.",5.0,25.0,8.0,5.0,https://meileaf.com/p/tea-hcbc/,Fruity and fresh with orchid sweetness.,"Muscatel, cedar, orchid and honeyed apricots.",Medium.,"Tarte tatin, milk and honey.",Evaporated milk and icing sugar.,"Cooked lychee in syrup, pine resin and forest honey.",Honey Duchess,274.0,0.18,93.0,Oolong,95.0,30.0,120.0,3.0,0.0
21,"Settled with a bright, chatty energy.",Deep purple brown small leaves and dark orange buds.,Pink and purple tinged brown liquor.,Deep mahogany leaves.,5.0,15.0,12.0,5.0,https://meileaf.com/p/tea-brkc/,Lightly dry to juicy with blackcurrants and orange.,"Grenadine, blackcurrant taffy, amber, marzipan thyme and blood orange.",Medium.,"Blackberry, cherries and malted milk biscuits.",Rye bread and blood orange zestiness.,Berry compote and vanilla pudding.,Bling Rock Kingpin,260.0,0.19,94.0,Ripened,99.0,30.0,120.0,5.0,0.0
22,"Warm, fuzzy and digestive with a light meditative high.","Blend of silver buds, auburn and bay green leaves.",Deep burnished brown with a sunset orange rim.,Textured and mottled blend of camo-green leaves.,5.0,25.0,12.0,3.0,https://meileaf.com/p/tea-fmac/,Fresh bay and whipped cream sweetness.,"Vanilla ice cream, bay leaves, white rabbit candy and acacia syrup.",Thick.,"Saffron custard, strawberry jam, clotted cream, scones, butterscotch, rising bread, apricots and overripe cherries.",Steamed buns with lotus paste.,"Frangipane, cherry liqueur, maraschino, pomegranate, cooked watermelon, lightly roasted marshmallow and cassia.",Feather Maiden,53.0,0.26,88.0,White,95.0,60.0,120.0,3.0,0.0
23,Incredible digestif effects and bright energy.,Vibrant carob brown nuggets of leaves.,Dusky deep orange.,"Glistening, deep chestnut brown leaves.",5.0,30.0,25.0,6.0,https://meileaf.com/p/tea-nugc/,"Dry to sweet and refreshing juiciness with a very cooling, clean sensation.","Cherry taffy, sandalwood and malt loaf.","Creamy, thick and very soft texture.",Rising dough and stewed cherries.,Semolina pudding with cherry jam and creme caramel.,New York blueberry cheesecake and apricot jam.,Nug Berry,139.0,0.34,91.0,Ripened,99.0,30.0,120.0,7.0,1.0
24,Livening and uplifting.,Small vanilla pod black and brown leaves.,Orange caramel.,"Very small, forest kelp brown leaves.",5.0,15.0,8.0,4.0,https://meileaf.com/p/tea-slqc/,"Long, dry leading to minty and juicy.","Dark cocoa, charred bourbon casks and rambutan.",Medium.,"Almond thins biscuits, burnt plum and licorice.",Dark gingerbread.,Cocoa and burnt apple skins.,Souchong Liquor,733.0,0.19,92.0,Black,90.0,60.0,120.0,3.0,0.0
25,Relaxing energy.,Olive black small twisted leaves.,Light Armagnac brown.,"Chestnut and khaki small, delicate leaves.",5.0,20.0,8.0,3.0,https://meileaf.com/p/tea-fbuc/,Buttery to sweet nashi pear juiciness.,"Fresh figs, brown butter, gardenia, violets, lilac and liniments.",Thick and oily.,"Malt, brown butter and pannacotta.",Croissant with butter and blackcurrant jam.,"Milk, rocks, icing sugar, greek yoghurt and figs.",Fig Butter Black,41.0,0.19,91.0,Black,95.0,30.0,120.0,2.0,0.0
26,Bright and calming.,"Khaki, golden and lime green rolled leaves.",Bright lime green.,Bottle green leaves.,5.0,25.0,8.0,5.0,https://meileaf.com/p/tea-hjgc/,Vibrant and juicy with a creamy sweetness.,"Magnolia, strawberry candy, bread with apricot jam.",Medium.,Strawberry jam and digestive biscuits.,Coconut suntan lotion and brown bread.,"Apricot yoghurt, raw seeds and honey on bread.",Golden Flower TGY,87.0,0.2,90.0,Oolong,95.0,30.0,120.0,3.0,1.0
27,Warm and fuzzy.,Burnished dark brown and auburn leaves.,Rich maple syrup brown liquor.,Deep bronze and khaki leaves.,5.0,30.0,10.0,5.0,https://meileaf.com/p/tea-stmc/,"Mineral catch in throat and rich vapour. Peach candy, cannabis and butter.","Magnoila, buttercream icing, frankincense, guava, peach, pine and cranberry.",Soft and milky with a bright minerality.,"Butterscotch, dark bark biscuits, magnolia, dried cherries and raspberry jam.",Cream taffy candy. Peach soft serve ice cream,"Nectarine, almond brittle, charred woods and orchids.",Stone Milk,31.0,0.45,91.0,Oolong,99.0,30.0,120.0,3.0,1.0
28,Calming and non-jittery with mood enhancement and mental inspiration.,Straight buds and young leaves.,Pale lemon yellow.,"Pale, apple green buds and leaves.",5.0,30.0,5.0,3.0,https://meileaf.com/p/tea-ajgc/,"Juicy, sweet and very tingly.","Nashi pear, slate, starfruit and pumpkin seeds.",Medium body with slight brothiness.,Steamed edamame and black cherry.,Winter air and sugar syrup.,Green chestnuts and cooked plum tomatoes.,Jade Arrow - Pre Qing Ming,682.0,0.33,91.0,Green,85.0,60.0,180.0,2.0,0.0
29,Refreshing and bright.,Prune black leaves with cherry brown larger leaves.,Resin orange.,Glossy cherry brown medium leaves.,5.0,25.0,7.0,4.0,https://meileaf.com/p/tea-wwbc/,Custard apple and mangosteen sweet juiciness.,"Peach candy, palmier, guava jam and wood lacquer.",Soft and oily.,"Black cherry yoghurt, pain au raisin.","Lilac, raspberry vinegar and cream.","Wine gums and grape juice, wood resin and lilac flowers.",Candy Tree Black,115.0,0.23,93.0,Black,99.0,60.0,120.0,2.0,0.0
30,Bright stimulation.,"Broken mix of fine, young buds and leaves with a few medium leaves.",Deep sunset brown.,Chestnut and khaki buds and leaves.,5.0,25.0,8.0,3.0,https://meileaf.com/p/tea-cmlc/,Quenching to a cooling lemon and cinnamon juiciness.,"Mangosteen, muscatel, saffron, mango, fresh turmeric, resin, orange peel, kumquat and fresh green peppercorns.",Medium.,"Chocolate profiteroles, brigadeiro, saffron and preserved cherries.",Custard and dark ginger bread.,"Alphonso mango, fresh turmeric, geranium, Muscat grapes, 7up lemonade, loquat, saffron cakes soaked in syrup.",Castleton Muscatel - Special Reserve Lot,33.0,0.36,87.0,Black,90.0,100.0,300.0,2.0,1.0
31,Digestif and cleansing with a bright alertness.,Cacao brown leaves and oily aged tangerine.,Burnished orange mahogany.,Mahogany leaves and caramel orange peels.,5.0,20.0,15.0,5.0,https://meileaf.com/p/tea-fyuc/,"Soft, zesty and juicy with light floral sweetness.","White chocolate, hawthorn, apple cellars, chamomile flowers, mandarin and cocoa.",Medium and oily.,"Candied orange, salted fudge and attics.","Hot cakes, syrup, charred casks and chamomile.","Butterscotch, inside bread, caramel and mandarins.",Find Your Sunshine 2,63.0,0.19,88.0,Blend,99.0,30.0,120.0,5.0,0.0
32,"Strong drunken, fizzy and fun sensations.","Antique silver buds, dark auburn and gun metal grey leaves.",Straw gold liquor.,"Vibrant frog green, supple leaves.",5.0,25.0,12.0,5.0,https://meileaf.com/p/tea-draa/,Dry to tingling pear drop and lily sweet juiciness,"London Gin, bison grass, strawberry sherbet and glutinous rice.",Medium thick.,"Stewed strawberries, lillies and clotted cream.",Pears and steamed sponge pudding.,"Vodka macerated strawberries, juniperberry, deep forest streams.",Dram Alchemist,53.0,0.31,91.0,Raw Puerh,95.0,30.0,120.0,3.0,0.0
33,Relaxing and easy drinking.,"Dark chestnut, twisted leaves and auburn larger leaves.",Burnt orange liquor.,"Full and thick, burnt umber and burgundy leaves.",5.0,25.0,6.0,4.0,https://meileaf.com/p/tea-gflc/,"Tingly, cooling and juicy with intense peach candy finish.","Saffron, cedar, muscat grapes, cinnamon, wintergreen and roasted peaches.",Medium thick and soft.,"Saffron, gooseberries and green grape juice.",Caramelised rhubarb.,"Black cherry jam, eucalyptus wood and port wine.",Forest Jam,145.0,0.33,90.0,Black,95.0,30.0,120.0,2.0,0.0
34,"Glowing warmth, loose and relaxing.",Deep brown and bronze leaves.,Dark maple syrup liquor.,"Rich, dark wenge brown leaves.",5.0,20.0,12.0,5.0,https://meileaf.com/p/tea-ncrc/,Vaporous and sweet syrupy juiciness with cooling finish.,Salted peanut butter on hot cakes with brown sugar and antique woods.,Clean and smooth.,"Peanut butter, brown sugar and and attics.","Brown sugar, grilled banana, caramel and laquered woods.","Stroopwaffles, apple skin, brazil nuts.",Nut Charmer,110.0,0.21,88.0,Ripened,99.0,30.0,120.0,5.0,0.0
35,Excitable and slightly dizzying.,"Curled, deep pine green leaves.",Luminous pear green liquor.,"Rich kelp green, delicate buds and leaves.",5.0,20.0,6.0,3.0,https://meileaf.com/p/tea-lsgc/,Fast moving from coating to quench with persimmon sweetness.,"Toasted rice, malted milk, steamed Jerusalem artichokes and persimmon.",Thick and brothy to fresh.,Mashed broad beans and sugar syrup.,Vanilla caramel.,Mixed bean soup and candy floss.,Laoshan Green,118.0,0.2,92.0,Green,85.0,30.0,120.0,2.0,0.0
36,Strong and long lasting rising and lifting sensation as if carried along by air with a mind focus and clarity.,Mix of small to medium silver buds and plum brown leaves.,Apricot gold.,Avocado green mixed size leaves.,5.0,25.0,12.0,5.0,https://meileaf.com/p/tea-hsuc/,"Touch of dry bitters with refreshing and endless juicy, apricot sweetness.","Fresh apricots, tonic water, persimmon, sherbet and wet rocks.","Medium. Bright, opening and plumpening.","Green melon, raisins, brown sugar, strawberry jam and summer skin.","Toffee, persimmon and lily of the valley.","Frozen orange juice, cooked apples, gardenia, lemon and honey, pine forest after rainfall.",Heaven Surveyor,37.0,0.57,90.0,Raw Puerh,95.0,30.0,120.0,5.0,0.0
37,Awakening and mood lifting brightness.,Blue green algae and lime green rolled leaves.,Apple candy green.,Lush pine green medium leaves.,5.0,25.0,9.0,6.0,https://meileaf.com/p/tea-sgoc/,Soft creamy sweetness with a mangosteen fruitiness.,"Green apples, sponge pudding and coconut milk.",Medium thickness.,"Melted butter, coconut yogurt and orchids.",Strawberry taffy and coconut cream.,"Lilac, lily and apricot jam with salted butter and sorrel.",Superior Iron Goddess,614.0,0.31,88.0,Oolong,99.0,30.0,120.0,3.0,1.0
38,Gently relaxing.,Small twisted raisin black leaves.,Dark caramel orange.,Beaver brown small to medium leaves.,5.0,10.0,8.0,4.0,https://meileaf.com/p/tea-tonc/,"Sugar sweet, floral and soft finish.","Muscatel grapes, lychees, rose, lilac and fresh cut, wet oak.",Medium soft with a slight grippiness.,Raspberries and raw hazelnuts.,Sour plums and ginger biscuits.,"Raspberry yoghurt, granola, rose water and rhubarb.",Little Tong Mu,569.0,0.2,92.0,Black,90.0,30.0,120.0,3.0,0.0
39,Deep set and meditative vibes.,Large twisted golden buds and brown furry leaves.,Bright chestnut brown.,Rich chocolate brown buds and young leaves,5.0,25.0,8.0,4.0,https://meileaf.com/p/tea-hncc/,"Dry quench to cooling, glucose tablet sweet juiciness.","Dark chocolate, honeycomb, oat biscuits, carrot, apple skins and lime flower.",Smooth and medium thick.,"Chocolate covered fruitcake, dried cranberries, blackcurrant jam and roasted pecans.",Malted chocolate milk.,"Wood varnish, caramel, dark chocolate digestive biscuits and dried tamarind.",Honeycomb Black,28.0,0.28,90.0,Black,95.0,60.0,120.0,2.0,0.0
40,Epic digestif with mind awakening drunkenness.,"Gold buds, black cherry and chestnut leaves.",Deep cherry red.,Cherrywood brown leaves.,5.0,25.0,15.0,7.0,https://meileaf.com/p/tea-prvc/,Epic herbal sweet juiciness and minty coolness.,"Intense, sweet, herbal liqueur (liquorice, fennel seeds, peppermint, angelica, hops), custard and preserved plums.","Medium thick, soft to refreshing.","Muscovado sugar, dark rum, maple syrup and rich tea biscuits.","Dry wood, deep plum syrup with a hint of truffle.","Hot vanilla custard, pecan pie, dark rum, unicum, dry wood attic.",Playground Rendez-Vous,172.0,0.29,91.0,Ripened,99.0,30.0,120.0,5.0,1.0
41,Lightly uplifting.,Small and tightly rolled balls with prominent white streaks.,Bright and pale golden green.,"Delicate, pale beige green buds and young leaves on slender stems.",5.0,25.0,5.0,6.0,https://meileaf.com/p/tea-peac/,Smooth with a gentle dryness leading to a lightly juiciness.,"Jasmine, orchid and dry stone leading to summery warm meadows.","Medium body, lubricating and smooth.",Sweet jasmine and ripe strawberries.,Slightly oxidised pear and jasmine.,Ultra sweet jasmine flowers and black liquorice.,Dragon Pearl Jasmine,360.0,0.13,88.0,Green,80.0,60.0,180.0,2.0,1.0
42,,,,,0.0,0.0,0.0,0.0,https://meileaf.com/p/gft-puthc/,,,,,,,PuErh Tea Headliners,0.0,100.0,0.0,Raw Puerh,0.0,0.0,0.0,0.0,0.0
43,"High, buzzy and bright with a lightly, happy, drunken sensation.",Deep dark grey-green medium leaves.,"Clear, bright, golden green liquor with lots of texture.","Soft and supple, pear green buds and leaves.",5.0,25.0,8.0,5.0,https://meileaf.com/p/tea-bykc/,"Buzzing and chewy mouth feel with fruity grip and sweet, juicy, vaporous finish.","Sweet mango, saffron, caraway and fresh turmeric spice with fresh cucumber and melon.",Medium and brisk.,"Magnolia, shortbread and buttered new potatoes.",Orange creamsicles.,"Sponge cake, sweet mango , fresh turmeric, gripe water, steamed zucchini and vegetable broth.",Buyi Kiss,50.0,0.47,89.0,Green,95.0,30.0,120.0,2.0,0.0
44,Uplifting mood and promoting a sense of calm satisfaction.,Silver beige buds.,"Very pale, beige green liquor.",Mix of tarnished brass and light khaki buds. Plump with multiple layers.,10.0,45.0,5.0,4.0,https://meileaf.com/p/tea-sinc/,Soft creamy meadow floral sweetness.,Orange blossom and semolina pudding sweetness to grapefruit zestiness.,"Thick, oily and lubricating.","Jasmine, apple cider, toffee and rolling tobacco.",Light cocoa fudge.,"Jasmine cream, sweet musk and dark treacle.",Silver Needle,642.0,0.21,88.0,White,90.0,30.0,180.0,3.0,0.0
45,"Warming, refreshing, clear and bright.",Ball of grey green and antique silver buds and leaves.,Rose gold.,"Bronze, chestnut and light khaki leaves.",5.0,30.0,12.0,5.0,https://meileaf.com/p/tea-juic/,Dry to tingly juiciness with black cherry sweetness.,"Palm sugar, blackcurrant jam, sherbet, fudge and sweet minerals.",Thick and Oily.,"Strawberry jam, dark vanilla and treacle.",Palm sugar and dried persimmon.,"Eucalyptus bark, toffee mints, cherry cough sweets, strawberry and patchouli.",Juice Journo,98.0,0.24,88.0,Raw Puerh,99.0,30.0,120.0,3.0,1.0
46,Settled and easy.,Matt black inner leaves with velvety green outer surface and thick silver buds.,Dessert wine.,Laurel and khaki green leaves and chantarelle brown buds,5.0,30.0,8.0,4.0,https://meileaf.com/p/tea-mlwc/,Dry on the top of the tongue with sweet nectar juiciness on front and sides.,"Mango vanilla pudding, hay and lily of the valley.",Syrupy and smooth.,"Sweet mango custard, honey and dried nettles.",Creme caramel and honeysuckle.,Lily of the valley and dragon fruit.,Moonlight White,307.0,0.22,89.0,White,90.0,30.0,120.0,3.0,0.0
47,Cleansing and happy with a definite digestif quality.,Tuo shaped dark auburn leaves.,Mahogany brown liquor.,Rich mahogany broken mulched leaves.,5.0,10.0,20.0,5.0,https://meileaf.com/p/tea-yubc/,"Clean, quenching yet creamy with a dried loquat sweetness.","Vanilla fudge, incense, antique wood and angelica.",Medium and silky.,"Dried loquat, black treacle and smoked toffee.",Dried loquat syrup.,Butter toffee and charred woods.,Black Yunnan Tuo 96,599.0,0.11,86.0,Ripened,99.0,30.0,120.0,7.0,0.0
48,Content and satisfying.,Rich ultra-dark chocolate black broken leaves.,Maple syrup.,Kelp khaki leaves with a few auburn stems.,5.0,25.0,5.0,5.0,https://meileaf.com/p/tea-asac/,Slightly dry to sweet and minty.,"Blackcurrant, lemon tart, sugar syrup, poppy seeds and root beer.",Medium.,Steamed brown sugar sponge and lotus leaves.,Short crust pastry and green apple skins.,"Coriander, rhubarb, green apples, parsley and evaporated milk.",Asamiya Black,164.0,0.16,84.0,Black,95.0,30.0,120.0,2.0,0.0
49,"Fun, awakening and warming energy.","Khaki green, prune and tan medium to large leaves.",Peach gold.,Crocodile green leaves.,5.0,20.0,10.0,5.0,https://meileaf.com/p/tea-mpsc/,Lightly dry to very cooling passion fruit and mint juiciness and sugar sweetness.,"Caramel, dried mint, cannabis and orange sherbet.","Medium, soft and syrupy.","Dark caramel, persimmon, blood orange, wine gums and frangipani.",Cooked mango drizzled with honey.,"Toasted marshmallow, orange curd and honey.",Mom & Pop Shop,119.0,0.16,89.0,Raw Puerh,99.0,30.0,120.0,3.0,0.0
50,Enchanting and slightly high.,Grey nori green tight rolled leaves.,Grape juice yellow.,Large unravelled kale green leaves.,5.0,20.0,9.0,6.0,https://meileaf.com/p/tea-acoc/,Buttery with a light grip.,"Papaya milk, custard, toasted marshmallow, apricots and oregano.",Medium.,Toasted barley and malted milk,Creme brulee.,Tinned peaches and cream with toasted pound cake.,Alishan Cream,706.0,0.17,88.0,Oolong,95.0,30.0,120.0,3.0,1.0
51,Warm and calming.,Hazel brown broken larger leaves and stems.,Violin resin amber brown liquor.,Glossy gun metal brown broken leaves.,5.0,15.0,7.0,3.0,https://meileaf.com/p/tea-hjcc/,Tingly and cooling with a dry finish.,"Caramel soya sauce, hay and poached pears.",Medium bodied with catching dryness.,Sweet soy japanese rice crackers and roasted barley.,Red bean pancakes.,Dark oven roast potato skins and a whisper of mangosteen sweetness.,Houjicha,292.0,100.0,86.0,Green,95.0,30.0,120.0,3.0,0.0
52,Calming and nourishing.,Curly spiralled khaki green leaves.,Olive oil green.,Khaki green leaves.,15.0,30.0,5.0,2.0,https://meileaf.com/p/tea-amac/,Soft finish.,Herbal and medicinal taste with a bitter sweet liquorice flavour.,Light and thin.,Herbaceous and sweet.,Liquorice sweet aroma.,Slight liquorice sweetness.,Amachazuru Five Leaf Loose Tea,159.0,0.15,85.0,Tisanes,99.0,60.0,120.0,2.0,0.0
53,Centering and purifying.,Pumpkin seed green straight shape bud and leaves.,Grape juice yellow.,Pale silver olive green buds and baby leaves.,10.0,60.0,5.0,3.0,https://meileaf.com/p/tea-ammc/,Smooth to dry to juicy,Fresh pear with morning dew and juicy fruit candy aroma.,"Thin to medium, smooth and fresh.",Fresh meadows and morning dew.,Very light aroma of grassy fields.,Fresh cut grass and green beans.,Amber Mountain,495.0,0.38,87.0,Yellow,75.0,60.0,120.0,3.0,0.0
54,N/A,N/A,N/A,N/A,60.0,180.0,2.0,2.0,https://meileaf.com/p/tea-danc/,N/A,N/A,N/A,N/A,N/A,N/A,Angelica Root,21.0,0.05,84.0,Herbs,99.0,,,,
55,Satisfying and calming.,"Twisted, small, purple black leaves with dusky pink roses.",Orange burgundy brown.,Cafe au lait brown buds and small leaves.,5.0,10.0,8.0,4.0,https://meileaf.com/p/tea-exmc/,Soft with a lingering sweetness.,"Wood oven baked dark chocolate brownies, rose and golden syrup,",Medium and velvety.,Malt loaf and roses.,Raisin malt loaf.,Rose and dark baked chocolate brownies.,Black Rose,176.0,0.11,86.0,Blend,90.0,60.0,120.0,4.0,0.0
56,"Easy drinking, relaxing and brightening.",Silver grey buds and pastel yellow flowers.,Chardonnay yellow.,"Silver green, yellow and brown blend of buds and flowers.",10.0,30.0,5.0,3.0,https://meileaf.com/p/tea-floc/,Lightly perfumed and slightly juicy.,"Wild strawberries, jasmine and river pebbles.",Medium.,Jasmine and lemon drops.,Light summer meadows.,Lemon curd and Ylang Ylang.,White Blossom,37.0,0.2,82.0,Blend,90.0,30.0,180.0,3.0,0.0
57,N/A,N/A,N/A,N/A,60.0,180.0,2.0,1.0,https://meileaf.com/p/tea-fxyc/,N/A,N/A,N/A,N/A,N/A,N/A,Senna Leaves,15.0,0.03,79.0,Herbs,99.0,,,,
58,Refreshing yet comforting.,Coiled gold and copper buds with a fine sheen of hairs.,Dusky amber liquor.,Shiny rusty brown buds and young leaves.,5.0,20.0,8.0,4.0,https://meileaf.com/p/tea-gdbc/,Soft with minty freshness.,"Dark caramel, malt and chocolate biscuits.","Soft, velvety, thick and clean.",Malted chocolate shake and hay.,Dark baked apple crumble.,"Dark rye bread and honey, black pepper and blackcurrants.",Golden Bud,461.0,0.23,88.0,Black,95.0,60.0,120.0,3.0,0.0
59,Bright and clear.,Large yellow green fan leaves.,Pale pink yellow,Khaki large leaves.,5.0,15.0,5.0,1.0,https://meileaf.com/p/tea-ginc/,Clean.,Hints of marine water with medicinal herbs and a lingering sweetness.,Thin.,Slight liquorice and summer forests.,liquorice.,Marine air.,Ginkgo Leaf Tips,39.0,0.13,89.0,Tisanes,99.0,30.0,120.0,2.0,0.0
60,N/A,N/A,N/A,N/A,60.0,180.0,2.0,1.0,https://meileaf.com/p/tea-gqzc/,N/A,N/A,N/A,N/A,N/A,N/A,Gou Ji Berries,36.0,0.04,94.0,Herbs,99.0,,,,
61,Cooling and destressing.,Pale golden lemon yellow flowers.,Bright pale green yellow.,Pale yellow flowers.,5.0,15.0,5.0,1.0,https://meileaf.com/p/tea-juhc/,Short and refreshing.,Sherbet sweets and floral meadow air.,Light and thin.,Sweet lemons.,Lemon and chamomile.,Floral sweet soapiness and sherbet.,Chrysanthemum Flowers,114.0,0.2,89.0,Tisanes,99.0,30.0,120.0,2.0,0.0
62,Purifying.,Hay yellow flowers.,Bright pale yellow.,Wet hay yellow.,5.0,15.0,5.0,1.0,https://meileaf.com/p/tea-jyhc/,Light and juicy.,"Custard powder, buttercups and fresh reams of paper.",Thin.,Cut wood and pale honey.,Soft fudge.,Cut wood and rubber plantations.,Honeysuckle Flowers,44.0,0.11,82.0,Tisanes,99.0,30.0,120.0,2.0,0.0
63,N/A,N/A,N/A,N/A,60.0,180.0,2.0,2.0,https://meileaf.com/p/tea-mmdc/,N/A,N/A,N/A,N/A,N/A,N/A,Creeping Lily Turf Root,6.0,0.06,86.0,Herbs,99.0,,,,
64,Uplifting and bright.,Loose rolled dark green tea mixed with yellow osmanthus.,Light butter yellow.,Broken large sea green leaves.,5.0,25.0,9.0,6.0,https://meileaf.com/p/tea-osmc/,Dry with slight juiciness.,"Raw almond and butter start, sweet osmanthus middle and fresh green grass finish.",Medium to thick body.,"Dried apricot, almond and sweet, pale flowers.",Apricot and almond cookies.,"Pinewood resin, cardamon and dried apricots.",Osmanthus Oolong,342.0,0.14,83.0,Blend,99.0,30.0,120.0,3.0,1.0
65,N/A,N/A,N/A,N/A,60.0,180.0,2.0,1.0,https://meileaf.com/p/tea-pdhc/,N/A,N/A,N/A,N/A,N/A,N/A,Boat Sterculia,24.0,0.09,93.0,Herbs,99.0,,,,
66,Uplifting.,Dried thyme green cut leaves.,Dusky orange brown.,Olive and light green cut leaves.,5.0,15.0,5.0,1.0,https://meileaf.com/p/tea-pepc/,Clean and cooling.,"Sweet, cooling mint and dried grass.",Ultra thin.,Mature minty sweetness.,Herbal lozenges.,Toffee mints.,Peppermint Leaf,52.0,0.1,89.0,Tisanes,99.0,30.0,120.0,2.0,0.0
67,Cleansing.,Cannabis green cut leaves with almond brown stems.,Vibrant rose tinted golden yellow.,Moss green and brown leaves.,5.0,15.0,5.0,1.0,https://meileaf.com/p/tea-pgyc/,Dry.,Fresh dried hay and herbal bitters.,Thin.,"liquorice, mint and drying hay.",Rainy farm.,Clean stable.,Dandelion Leaf,33.0,0.15,84.0,Tisanes,99.0,30.0,120.0,2.0,0.0
68,Bright and warming.,Irregular black olive rolled pellets.,Golden orange.,Full medium leaves dark olive green with roughened edges.,5.0,25.0,9.0,6.0,https://meileaf.com/p/tea-rivc/,Slightly dry with a very long sweetness.,Hazelnut syrup with a creamy nougat flavour.,Thick and soft.,Sweet liquorice.,Burnt toffee.,Sweet orange candy.,River High,294.0,0.13,87.0,Blend,99.0,30.0,120.0,5.0,1.0
69,Cooling and clearing.,Pale to fuschia pink petals with cannabis green stems.,Clear and very pink green.,"Dusky, beige pink and fuchsia petals.",5.0,15.0,5.0,3.0,https://meileaf.com/p/tea-rosc/,Fresh and clean.,"Delicate, bright and zesty rose.","Soft , medium texture.",Sweet rose and grapefruits.,Herbal and floral.,Geranium and cooked apple and berry compote.,Rose Buds,39.0,0.23,92.0,Tisanes,99.0,30.0,120.0,2.0,0.0
70,Relaxing and cooling.,"Army green small, baby leaves.",Very pale chartreuse green liquor.,Lime green leaves.,15.0,30.0,5.0,1.0,https://meileaf.com/p/tea-wbtc/,Cleansing light finish.,Lemon sherbet to zesty bitterness moving to an floral sweetness.,Light and fresh.,Light and fresh meadowy aroma.,Fresh air and star anise.,Fresh mountain streams and summer air.,Baby Leaf Kuding,85.0,0.13,81.0,Tisanes,90.0,60.0,120.0,2.0,0.0
71,"Bright, uplifting and a gently energising.",Pale beige and silver green buds.,Green grape juice.,Pear green buds.,10.0,45.0,5.0,4.0,https://meileaf.com/p/tea-wjac/,"Soft to dry with a transforming, gentle juiciness.",Jasmine aroma with starfruit and fruit candy over a slate rockiness.,Thick with some mineral dryness.,Jasmine flowers and apple flavoured sweets.,Jasmine honey.,Jasmine ice cream and clove.,White Jasmine,172.0,0.27,86.0,White,90.0,30.0,180.0,3.0,0.0
72,Slightly excitable but easy going.,"Furry, slender thin buds and forest green medium leaves.",Light gold liquor.,Frog green and hazel leaves and yellow-lime buds.,5.0,25.0,7.0,3.0,https://meileaf.com/p/tea-wpyc/,Tingly and quenching with sweet juiciness.,"Lilac, green apple skin, warm honey and almond milk.",Soft syrupy and coating.,Hazelnut nougat and sundried hay.,"Honeysuckle flowers, bread and butter pudding.","Blueberry muffin, aloe and sorrel.",White Peony,550.0,0.25,88.0,White,95.0,30.0,120.0,3.0,0.0
73,"Gentle, warming and relaxing.","Buds and young leaves with a mix of colours (white, black, red, yellow and green).",Copper brown to a bright orange amber.,"Small leaves that are thick, strong and rigid with an even and shiny copper brown.",5.0,20.0,9.0,4.0,https://meileaf.com/p/tea-eboc/,"Soft with a subtle mineral grip to gentle, ambrosial honey sweetness.","Bright notes of elderflower, geranium and lychee and warmer notes of honey, rose and fermented overripe grapes. Mineral stone and wet wood structure.",Thick and velvety.,"Citronella, plums and cranberry cookies.",Dessert wine and a raw almond milkiness.,"Geranium, rose, lychee and dessert wine with a grounding woodiness.",Eastern Beauty Oolong,404.0,0.56,92.0,Oolong,90.0,30.0,120.0,4.0,0.0
74,Mind calming with and lightly energising.,"Very fine haired, two tone spiral, small leaves. Sunflower seed shell grey green and cream.",Light pickle juice green liquor.,Light succulent plant green buds and baby leaves.,5.0,25.0,5.0,3.0,https://meileaf.com/p/tea-grcc/,"Zingy and cooling, fresh juiciness.","Nashi pears, sticky rice and elderflower.",Thick and brothy.,Chocolate malted milk and buttered spinach.,Yellow apples and honey.,"Spinach pie, chestnuts, cured ham and asparagus.",Green Coil - Pre Qing Ming,311.0,0.23,86.0,Green,80.0,60.0,120.0,2.0,0.0
75,Mood enhancing.,Lichen green leaves.,Golden yellow.,Kiwi green and brown cut leaves.,5.0,15.0,5.0,1.0,https://meileaf.com/p/tea-olvc/,Fresh and dry to juicy.,"Sweet lemons, thyme and fresh grass.",Medium and fresh.,Apple mint aroma.,Mint and cooked green apple.,Lemon herbal lozenges.,Lemon Verbena,54.0,0.22,89.0,Tisanes,99.0,30.0,120.0,2.0,0.0
76,Simple and warming.,Silver beige and light khaki green balls.,Pale honey brown.,Unfurled floral display.,0.0,0.0,0.0,0.0,https://meileaf.com/p/tea-bloc/,Dry to juicy.,"Jasmine and minty, herbal sweetness.",Medium.,Summer grass.,Humid air with a touch of brown sugar.,Summer meadows,Blossoming Jewels,62.0,0.16,84.0,White,0.0,0.0,0.0,0.0,0.0
77,Warming and enlivening to perspiring coolness.,"Deep brown and golden tinged, straight buds and leaves.",Hibiscus tinged caramel brown liquor.,Maroon brown delicate young buds and leaves.,5.0,45.0,6.0,4.0,https://meileaf.com/p/tea-qmmc/,Cooling juiciness with slight hibiscus acidity and watermelon sweetness.,"Wintergreen, menthol, cardamom, sweet milk, dried mango, cocoa and wisteria.",Medium thick.,"Malt biscuits, poppy seeds, toasted coconut and cooked watermelon.",Dark baked cherry brownies and menthol.,"Dried cherries, crystallised ginger, dark chocolate, wintergreen.",Superior Keemun,190.0,0.3,89.0,Black,90.0,60.0,240.0,2.0,0.0
78,Soothing and cooling.,Small ochre and beige yellow flowers.,Pale golden ale.,Ochre brown flowers.,15.0,30.0,5.0,1.0,https://meileaf.com/p/tea-ochc/,Clean and dry.,Gentle floral sweetness with a slight fenugreek spice.,Soft and thin.,Sweet and warming.,Warm summer air.,Very sweet floral and porcini.,Chamomile Flowers,95.0,0.16,93.0,Tisanes,99.0,60.0,120.0,2.0,0.0
79,Calm and warming.,Acorn brown and white cut leaves.,Golden ale.,Almond skin brown cut leaves.,5.0,15.0,5.0,1.0,https://meileaf.com/p/tea-orac/,Light and fresh.,Light and herbaceous with a slight mintiness.,Very thin.,Fresh dry earthiness.,Extremely light dried grass aroma.,Earth and milky raw nuts.,Raspberry Leaf,25.0,0.04,79.0,Tisanes,99.0,30.0,120.0,2.0,0.0
80,Refreshing.,Rich dark sangria red flowers.,Rich redcurrant cordial.,Claret red flowers.,5.0,15.0,5.0,2.0,https://meileaf.com/p/tea-ohic/,Dry.,Sour berries and a fresh earthy foundation.,Thin.,Preserved plums.,Blackcurrants.,Plum orchards and rubber plantations.,Hibiscus Flowers,64.0,0.13,90.0,Tisanes,99.0,30.0,120.0,2.0,0.0
81,Balancing and grounding.,"Thick, layered, sage green buds with purple, maroon edges.",Pale green with a slightly pink hue.,Gradient of colours from beige green to auburn. Fat splayed buds.,5.0,30.0,8.0,4.0,https://meileaf.com/p/tea-pbuc/,Light grip with a sweet and creamy juiciness.,"Peach sherbet, elderflower and pine.","Medium, soft and lightly lubricating.","Elderflower, peach cordial and porcini.",Fresh cut dry wood and apricot puree.,Hard boiled peach sweets with fresh cut pine.,Purple Bud,283.0,0.21,87.0,White,90.0,60.0,240.0,2.0,0.0
82,Cleansing,Earthy green finely chopped leaves.,Golden brown.,Oxidised green leaves.,5.0,15.0,5.0,1.0,https://meileaf.com/p/tea-ontc/,Fresh and dry.,Paper and dried summer grass.,Soft and medium.,Dried grass pellets.,Slightly savoury with dark liquorice.,Wet forest and marine water.,Nettle,38.0,0.12,86.0,Tisanes,99.0,30.0,120.0,2.0,0.0
83,Relaxing.,Glistening orange orangutan brown cut leaves.,Burnt sugar caramel orange.,Orange brown small cut leaves.,15.0,30.0,5.0,2.0,https://meileaf.com/p/tea-oroc/,Very soft.,Vanilla wood and herbal cough syrup.,Thick and soft.,Cherry vanilla honey with eucalyptus freshness.,Warming honey.,Vanilla and honey.,Rooibos,55.0,100.0,87.0,Tisanes,99.0,60.0,120.0,2.0,0.0
84,Awakening and refreshing.,Ruby black medium size leaves.,Oxidised sherry amber.,Strong and thick russet brown medium leaves.,5.0,15.0,8.0,4.0,https://meileaf.com/p/tea-rrbc/,Short and dry with lingering vapors of camphor.,Camphor cough sweets with sugar cane and cinnamon sweetness leading to a quenching minerality.,"Light, refreshing and smooth.","Lilacs, dark cocoa and eucalyptus.",Dry sour cherries and pine resin.,"Camphor, wintergreen with a lilac, cinnamon sweetness.",Ruby Black,536.0,0.25,88.0,Black,95.0,60.0,120.0,4.0,0.0
85,Bright and slightly high with initial heating then cooling effects.,Even rolled blue green matt leaves with very few stems.,Green grape juice.,Antique green leather medium matt leaves with hints of auburn.,5.0,25.0,7.0,6.0,https://meileaf.com/p/tea-jjoc/,Dry with a tingling physical puckering.,Jasmine start with light cream moving to green bitters and a fresh vine tomato tang.,Medium body and gently lubricating.,"Pineapple, strawberries and tomato vines.","Shortbread biscuits, apricots and jasmine.",Jasmine syrup and pineapple juice.,Jasmine Jade Oolong,161.0,0.12,83.0,Oolong,99.0,30.0,120.0,3.0,1.0
86,"Calm, creative and expressive.",Charcoal black and copper brown balls with nice shine.,Burnt Orange.,Large dark olive leaves with fine textured skin and an oily shine.,5.0,20.0,12.0,6.0,https://meileaf.com/p/tea-rgoc/,"Transformation from astringent to juicy, tingling and sweet finish.",Burnt coconut and pine with a rosehip acidity and lingering eucalyptus sweetness.,Medium body and refreshing,"Charcoal, roasted pine and nuts.",Dark chocolate and soy sauce.,"Fresh shaved pencils, dark roast coconut and coffee beans with a gentle dark soy savouriness.",Ruby Gaba,406.0,0.24,87.0,Oolong,99.0,30.0,120.0,5.0,1.0
87,Heating and stimulating.,Taupe brown ball rolled leaves.,Clear honey.,Camouflage green medium leaves.,5.0,20.0,10.0,6.0,https://meileaf.com/p/tea-fsoc/,Very long and juicy finish.,"Brown butter, cannabis and grapefruit bitters.","Medium, lubricating and juicy.",Charcoal and oranges.,Custard apple and butter.,Dark baked biscuits and spiced poached pears.,Frozen Summit Oolong,416.0,0.33,89.0,Oolong,99.0,30.0,120.0,5.0,1.0
88,Soothing and cooling.,"Blend of khaki leaves, beige green stalks and pink petals.",Rose gold.,"Blend of army green leaves, petals and beige lemongrass.",10.0,20.0,8.0,4.0,https://meileaf.com/p/tea-fscc/,Soft and clean.,Herbaceous minty sweet nut milk.,Thin to medium with a soft texture.,Sweet date with herbaceous pepperiness.,"Rose, lemongrass and red dates.",Warm almond milk and honey.,Sweet Cheeks,43.0,0.22,86.0,Blend,99.0,30.0,120.0,3.0,0.0
89,Satisfying yet light - a great palate cleanser.,Orangutan orange and black brown leaves.,Cognac auburn.,Rich conker brown.,5.0,20.0,15.0,4.0,https://meileaf.com/p/tea-feec/,Coating and slightly dry leading to juicy.,Contrast of cooling minty citrus and warming vanilla whisky.,Filling and clean.,"Vanilla mint, bergamot and chocolate.",Salted toffees.,"Citrus, vanilla and cherry wood.",Empress And The Earl,40.0,0.12,92.0,Blend,95.0,30.0,120.0,3.0,0.0
90,"Ultra calming, cooling yet uplifting.","Multicoloured pastels of lavender, pale yellow and dusky pinks.",Rich marigold yellow.,"Pale greens, browns and rose blended tisanes.",3.0,5.0,5.0,2.0,https://meileaf.com/p/tea-fphc/,Bright and aromatic with a bittersweet finish.,"Potent mix of sweet, summer flowers with a pleasant soapiness and a satisfying bitter finish.",Thin and dry.,"Lavender, osmanthus and honey.","Osmanthus, lemon and lavender.",Bright and floral with fresh rosemary.,Petal Heads,15.0,0.19,92.0,Blend,95.0,60.0,120.0,2.0,0.0
91,Enchanting and high.,Purple tinged black leaves and spice mix.,Light and cloudy prune juice.,Copper brown leaves.,5.0,10.0,8.0,5.0,https://meileaf.com/p/tea-fchc/,"Soft, smooth and a little analgesic.","Sweet tea, cinnamon and peppery spices.","Thick, soft and very smooth.",Chocolate and freshly ground chai spices.,Rich sweet spices.,Sweet spice market stall and chocolate.,Chai High,59.0,0.08,89.0,Blend,90.0,60.0,120.0,4.0,0.0
92,"Indulgent, comforting and calming satisfaction.","Small rolled, matt taupe brown leaves.",Whisky gold.,"Taupe brown and glossy, medium leaves.",5.0,20.0,10.0,6.0,https://meileaf.com/p/tea-msnc/,"Dry transforming to tingling, minty juiciness.","Roasted nuts, cr√®me brulee and pandan leaves.",Thick and coating.,Carob and nougat.,"Burnt caramel, hazelnuts and custard.","Chocolate malt milkshake, pecans and dried mulberries.",Midnight Sun,402.0,0.21,87.0,Oolong,99.0,30.0,120.0,5.0,1.0
93,Refreshing and uplifting. Stimulates gentle and cooling perspiration.,Tightly rolled black grey oolong with premium sorting.,Dark and almost purple hue.,Black and oily.,5.0,25.0,10.0,6.0,https://meileaf.com/p/tea-amgc/,Clean finish without any bitterness or astringency. Like drinking smooth mountain water.,"Deep roasted flavour with hot stone, tarmac and dark coffee. Fleeting spices like black cardamom, antique wood and a predominant nuttiness. Slight animal funkiness to it too.",Super smooth and soft mouthfeel and very clean finish.,Nutty and scorched aroma with coffee similarities.,Warm coffee and black liquorice.,Powerful tarry and liquorice aroma with deep spiciness.,Amethyst Gaba,434.0,100.0,86.0,Oolong,99.0,30.0,120.0,5.0,1.0
94,N/A,N/A,N/A,N/A,60.0,180.0,2.0,1.0,https://meileaf.com/p/bld-eigc/,N/A,N/A,N/A,N/A,N/A,N/A,Treasure,14.0,100.0,85.0,Blend,99.0,,,,
95,N/A,N/A,N/A,N/A,60.0,180.0,2.0,1.0,https://meileaf.com/p/bld-hrtc/,N/A,N/A,N/A,N/A,N/A,N/A,Heart,6.0,100.0,93.0,Blend,99.0,,,,
96,N/A,N/A,N/A,N/A,60.0,180.0,2.0,1.0,https://meileaf.com/p/bld-natc/,N/A,N/A,N/A,N/A,N/A,N/A,Glow,12.0,100.0,77.0,Blend,99.0,,,,
97,N/A,N/A,N/A,N/A,60.0,180.0,2.0,1.0,https://meileaf.com/p/bld-perc/,N/A,N/A,N/A,N/A,N/A,N/A,Calm,19.0,100.0,89.0,Blend,99.0,,,,
98,N/A,N/A,N/A,N/A,60.0,180.0,2.0,1.0,https://meileaf.com/p/bld-tumc/,N/A,N/A,N/A,N/A,N/A,N/A,Digestion,23.0,100.0,92.0,Blend,99.0,,,,
99,N/A,N/A,N/A,N/A,60.0,180.0,2.0,1.0,https://meileaf.com/p/bld-vitc/,N/A,N/A,N/A,N/A,N/A,N/A,Cleanse,15.0,100.0,87.0,Blend,99.0,,,,
100,N/A,N/A,N/A,N/A,60.0,180.0,2.0,1.0,https://meileaf.com/p/bld-wgtc/,N/A,N/A,N/A,N/A,N/A,N/A,Contour,17.0,100.0,84.0,Blend,99.0,,,,
101,N/A,N/A,N/A,N/A,60.0,180.0,2.0,2.0,https://meileaf.com/p/bld-wirc/,N/A,N/A,N/A,N/A,N/A,N/A,Sniffles,14.0,100.0,89.0,Blend,99.0,,,,
102,N/A,N/A,N/A,N/A,60.0,180.0,2.0,1.0,https://meileaf.com/p/bld-brec/,N/A,N/A,N/A,N/A,N/A,N/A,Breathe,17.0,100.0,85.0,Blend,99.0,,,,
103,Warm and satisfying.,"Large, whole, twisted prune brown leaves.",Verjus orange.,Lustrous and metallic mud green leaves.,10.0,25.0,8.0,5.0,https://meileaf.com/p/tea-bedc/,"Intense hum of mineral physicality with flooding, full mouth juiciness.","Asian pear, dark fudge, slate, viburnum flowers and a touch of cough syrup.","Medium thick, starting silky to crunchy.","Mocha, butterscotch and dried cherries.",Milk coffee caramel.,"Oxidised apple, strawberry jam, cherry oat cookies and new car.",Lost Robe,399.0,0.38,89.0,Oolong,99.0,30.0,120.0,3.0,1.0
104,Mild and refreshing.,"Lime green dusted brown rice, puffed rice and young leaves.",Kiwi flesh green on first infusion moving to starfruit green.,"Small, beige and brown puffed rice with young, fern green leaves.",10.0,15.0,5.0,6.0,https://meileaf.com/p/tea-gmmc/,Slightly drying with a sweet green apple skin sour sweetness.,Soy sauce covered rice crackers and fresh cut green grass with a rich umami savoury sweetness.,Medium bodied moving to refreshing.,Wasabi peas and dried seaweed snacks.,Burnt oat and raisin cookies.,BBQ burnt soy glazed sweetcorn.,Genmai Matcha,200.0,0.14,89.0,Blend,80.0,30.0,120.0,2.0,1.0
105,Bright energy.,Seaweed and bright green rolled leaves.,Pinot gris yellow.,Khaki green leaves.,5.0,25.0,7.0,6.0,https://meileaf.com/p/tea-sipc/,Cooling sweet juiciness.,"Honeysuckle, nougat and lemon oil.",Medium.,Apple kombucha and cream soda.,Flowery face cream.,"Lemon curd, frangipani and marseille soap.",Sip Spring,214.0,0.28,90.0,Oolong,99.0,30.0,120.0,3.0,1.0
106,Excitable.,Currant brown ball rolled leaves.,Whisky gold liquor.,"Evenly baked, kelp green medium leaves.",5.0,25.0,9.0,5.0,https://meileaf.com/p/tea-bakc/,Dry to flooding sugar-sweet juiciness.,"Vanilla,magnolia, cherrywood and mangosteen.",Soft and thick.,"Dark baked, vanilla, butter cookies, rolling tobacco and rum.",Alphonso mango and vanilla fudge.,Cherry syrup drizzled butter flapjacks.,Baked Goods,430.0,0.19,87.0,Oolong,95.0,30.0,120.0,3.0,0.0
107,Bright and warming.,"White edged, raisin black and cannabis green tinged leaves.",Light whisky gold resin liquor.,"Vibrant, bronze flecked olive green leaves",3.0,20.0,7.0,5.0,https://meileaf.com/p/tea-bfpc/,Extremely dry and puckering switching to juiciness.,Rice pudding and morello cherry jam. Sweet orchids with a wood resin aftertaste.,Light to medium body and quenching.,"Raisin cookies, vanilla and orchids.",Vanilla cream and ripe mangosteen.,"Boiled cherry sweets, yellow roses, banana, mangosteen and buttery filo pastry.",Black Fruit Punch,387.0,100.0,87.0,Oolong,95.0,30.0,120.0,3.0,0.0
108,Gently lifting.,"Dark forest green, curled, young leaves.",Melon green liquor.,"Delicate lime green, buds and young leaves",5.0,25.0,7.0,3.0,https://meileaf.com/p/tea-cllc/,Vaporous and milky moving to cooling and juicy.,"Sugared adzuki beans, honeydew melon, lemon oil and a touch of saffron.",Soft and thick.,"Chocolate fondant, caraway and red beans.",Nashi pear and sugar syrup.,"Candied chestnuts, savoury beans and chocolate cake frosting.",Cloud Lake,157.0,0.13,86.0,Green,80.0,30.0,120.0,2.0,0.0
109,"Gentle, bright and calming.","Pastel green, cream, gold and pink hued furry, thick layered buds.",Ultra pale green apple liquor.,"Layered gold and green tipped, cone shape buds.",5.0,20.0,8.0,4.0,https://meileaf.com/p/tea-elwc/,Refreshing with a ginger spiciness.,"Elderflower, pine, avocado and fresh apricots.",Soft medium.,"Nutmeg, gooseberry and clay pottery workshops.",Talcum and vanilla icing sugar.,"Fresh cut wood, dried apricots and marzipan.",Elder White,498.0,100.0,86.0,White,95.0,60.0,120.0,3.0,0.0
110,Bright calm feeling,Yellow and moss green buds and bud and one leaf.,"Bright, pale yellow diamonds.",Clay green plump buds and young leaves.,15.0,120.0,5.0,3.0,https://meileaf.com/p/tea-junc/,"Smooth with fragrant, fruity tanginess.","Mountain snow, guava, starfruits and sweetcorn.",Medium and smooth.,Malted barley and chocolate covered hazelnuts.,Apricot jam.,Cooked spinach and gooseberry fools.,Diamond Peak,394.0,100.0,86.0,Yellow,75.0,60.0,240.0,2.0,0.0
111,Cleansing digestif.,"Pale, lime juice green furry stalks and leaves with small, light yellow flowers.",Golden green liquor.,"Shiny, lime juice green stalks and flowers with small black seeds.",15.0,45.0,5.0,1.0,https://meileaf.com/p/tea-gmtc/,Lubricating with a eucalyptus freshness.,"Rhubarb, sage and chrysanthemum with orange zest and nectar sweetness.",Thick and gummy.,"Oregano, thyme and orange zest with frankincense.",Black liquorice toffee.,Rhubarb and hay.,Greek Olympus Tisane,96.0,100.0,89.0,Tisanes,99.0,30.0,180.0,2.0,0.0
112,Chilled out and conversational.,Light and twisted olive black and raisin brown leaves with a slight sheen.,Burnt orange.,Dark khaki and russet brown large leaves.,10.0,20.0,7.0,5.0,https://meileaf.com/p/tea-sjgc/,"Rich and cooling Yan Yun, flooding juiciness and sweet orange vapour.","Orange candy, leather, cherrywood and vanilla fudge.",Thick minerality.,"Salted almond caramel, flapjacks, cooked apples.",Dried cherry flapjack and frankincense.,"Pine, vanilla, strawberries, black cherry yogurt and fresh laundry.",Golden Turtle,198.0,0.57,89.0,Oolong,99.0,30.0,120.0,4.0,0.0
113,"Calm, settled and slightly warming.",Claret khaki rolled leaves and red grape skin stems.,Light apricot orange.,Amphibian green leaves with chestnut red edges and stems.,5.0,20.0,10.0,6.0,https://meileaf.com/p/tea-tdtc/,Mineral with a sweet and zesty lingering aftertaste of guava and lime gummies.,"Green jelly babies, coconut, creme fraiche and mangosteen moving to apricot jam.",Viscous and soft.,Raisin oatmeal biscuits.,"Honey, lime and cinnamon waffles.","Coconut cake, oregano, guava and aloe vera.",Shifu's Pudding,132.0,0.63,93.0,Oolong,99.0,30.0,120.0,3.0,1.0
114,"Vibrant clarity, bright energy yet centreing.",Very delicate and pale lime green bud and one leaf.,Clear and vibrant pale citrine yellow.,"Very pale, milky green bud and leaves.",5.0,30.0,7.0,3.0,https://meileaf.com/p/tea-ajsc/,"Sweet, soft and gently juicy.","Sweet adzuki, warm milk, orchids, gooseberries and wild strawberries.",Super soft and very syrupy.,"Almonds, white chocolate, dougnuts and caraway.",Icing sugar and powdered milk.,"Magnolia, strawberries, sweet peas and lentils.",Jade Arrow Supreme,95.0,1.04,94.0,Green,85.0,60.0,180.0,2.0,0.0
115,Uplifting and warming.,"Evenly rolled, raisin brown leaves with coral flecks.",Apricot orange.,"Artichoke green, copper and rosewood medium leaves.",5.0,25.0,9.0,5.0,https://meileaf.com/p/tea-eioc/,Physical dynamics from dry to fruity juiciness.,"Magnolia, mango kulfi, fresh apricots and pinewood resin.",Medium thick.,Peach and apricot jam on toasted brioche.,"Papaya milk, liquorice and honey.","Magnolia, apricot yoghurt, chestnut honey and shoe varnish.",Eight Immortals Oolong,181.0,0.45,89.0,Oolong,95.0,30.0,120.0,4.0,0.0
116,,,,,0.0,0.0,0.0,0.0,https://meileaf.com/p/gft-cothc/,,,,,,,China Oolong Tea Headliners,0.0,100.0,0.0,Oolong,0.0,0.0,0.0,0.0,0.0
117,,,,,0.0,0.0,0.0,0.0,https://meileaf.com/p/gft-whthc/,,,,,,,White Tea Headliners,0.0,100.0,0.0,White,0.0,0.0,0.0,0.0,0.0
118,,,,,0.0,0.0,0.0,0.0,https://meileaf.com/p/gft-blthc/,,,,,,,Black Tea Headliners,0.0,100.0,0.0,Black,0.0,0.0,0.0,0.0,0.0
119,,,,,0.0,0.0,0.0,0.0,https://meileaf.com/p/gft-tothc/,,,,,,,Taiwan Oolong Tea Headliners,0.0,100.0,0.0,Oolong,0.0,0.0,0.0,0.0,0.0
120,"Light, bright and easygoing.",Mustard Green balls with pale milky tones.,Lime yellow.,"Dark watermelon green, medium sized n leaves.",5.0,25.0,9.0,6.0,https://meileaf.com/p/tea-lcwc/,Light quench with a fresh and sappy juiciness.,"Malted milk, creamed spinach, marshmallow and parma violets.",Thick and soft.,"Oat biscuits, caramel popcorn and sweet cereal milk.",Vanilla lassi and scented erasers.,"Creme fraiche, egg custard, meringue and French toast.",Lily Cream Whip,126.0,0.21,89.0,Oolong,95.0,30.0,120.0,3.0,1.0
121,Warming and bright.,"Medium size, prune black leaves.",Apricot golden liquor.,"Light and delicate, dusky green and brown leaves.",5.0,30.0,8.0,5.0,https://meileaf.com/p/tea-almc/,Dry to milky.,"Strawberry milk, cooked apples and vanilla biscuits.",Medium thick.,Buttery Taiwan pineapple cakes and almonds.,Cantaloupe melon.,"Apple puree, lemon meringue pie and all butter shortbreads.",Almond Blossom,189.0,0.45,83.0,Oolong,90.0,30.0,120.0,3.0,0.0
122,,,,,0.0,0.0,0.0,0.0,https://meileaf.com/p/tea-fenc/,,,,,,,Fencha,49.0,100.0,90.0,Blend,0.0,0.0,0.0,0.0,0.0
123,Feel good and slightly drunken feeling.,Hunter green broken needle leaves.,Jade green liquor.,"Broken, forest green, young leaves.",20.0,60.0,4.0,4.0,https://meileaf.com/p/tea-ysec/,Long and juicy with wild strawberry sweetness and cannabis spice.,"Rich daikon broth with sweetcorn, parsley and lemon zests.",Thick and creamy.,Winter melon soup and buttered wholewheat bread,Carrot cake with cream cheese frosting.,"Salt and sweet porridge, sweet chestnuts and nashi pears.",Yame Saemidori Sencha,142.0,0.24,90.0,Green,70.0,30.0,120.0,2.0,0.0
124,Digestif and pampering.,Raisin brown leaves and stems.,Chestnut brown liquor.,Mahogany leaves.,5.0,25.0,12.0,5.0,https://meileaf.com/p/tea-liec/,Intensely sweet nutty and floral juiciness.,"Hazelnut syrup, lillies and raisin malt loaf.",Medium.,Hazelnuts and aged gouda.,Warm malt loaf.,Fruit and nut cake with angelica and frangelico.,Liu Bao 1988,50.0,100.0,91.0,Ripened,99.0,30.0,120.0,7.0,0.0
125,Bright and settling with a good digestif quality.,"Light chestnut brown, matt leaves.",Deep orange liquor.,Cacao browm leaves.,5.0,10.0,15.0,5.0,https://meileaf.com/p/tea-atlc/,Dry to cooling jasmine and tangerine juiciness.,"Brazil nuts, red bean paste and sweet orange peel.",Medium thick.,"Oak, vanilla and leather.",Asphalt and brown bread.,"Walnut bread, angelica and varnished, antique hardwoods.",Autumn Light,245.0,0.12,87.0,Ripened,99.0,30.0,120.0,5.0,0.0
126,Mellow but buzzy and happy energy.,Slightly purple and pink tinged sultana brown leaves.,Burnt tangerine with a slightly pink hue.,"Glossy, pink hued, chestnut brown leaves.",10.0,20.0,7.0,5.0,https://meileaf.com/p/tea-anhc/,"Quenching with a cooling, sugarcane sweetness.","Baked orange, blackcurrant, muscatel and barrel aged rum with a grapefruit, hoppy, craft beer finish.",Medium and refreshing.,"Grapefruit, dried mango and hops with a light cocoa warmth.",Ginger caramel spongecake and beer.,Cherry and malt with dried ginger and coriander seeds.,Ancient Haze,184.0,0.24,90.0,Black,95.0,30.0,120.0,2.0,0.0
127,Bright and warming.,Fluffy and furry silver green buds and young leaves.,Clear and bright yellow liquor.,"Delicate, bright pistachio green bud and one leaf",60.0,120.0,5.0,2.0,https://meileaf.com/p/tea-gnlc/,"Cooling and sweet, tingly and long finish.","Orchid, orange blossom water, black pepper and edamame with a honey sweet finish.","Soft, rounded and silky.","Sweet soy milk, green acorn and malted barley.",Petrichor and sweet cream.,"Orchid, gripe water, caraway, vegetable broth and chickpeas.",Sweet Dew - First Pluck 2022,99.0,0.42,88.0,Green,85.0,60.0,240.0,2.0,0.0
128,Uplifting and happy.,Smooth and glossy deep bamboo green buds.,"Very bright, lime juice yellow liquor.",Pure bamboo green buds.,30.0,60.0,5.0,2.0,https://meileaf.com/p/tea-zyqc/,"Slight astringency to very tingly, stevia sweet and cooling finish","Green apple, sweetened soy milk, sugar snap peas and green bamboo.",Thick and brothy.,Bamboo and porridge oats.,Dragon fruit and wild honey.,"Lime flower, pistachio and sweet congee.",Bamboo Sabre - Pre Qing Ming,62.0,0.85,88.0,Green,85.0,60.0,240.0,2.0,0.0
129,Warming.,"Deep crimson, fuscia and purple flowers.",Shifting colour from blue to sunset red.,Bright fuscia which fades through infusions.,10.0,25.0,5.0,3.0,https://meileaf.com/p/tea-purc/,Light and aromatic sweetness.,"Apple cider, cherry sweets and honey.",Medium light liquor.,Treacle and pomegranate juice.,Pear and apple cider with treacle.,Warm honey and lemon juice.,Purple Rose,51.0,0.2,96.0,Tisanes,99.0,30.0,120.0,2.0,0.0
130,"Rising, effervescent and wild tea-lifted energy.","Silver fur covered, fine pickings with lots of buds and seal brown, young leaves.",Peach gold liquor.,Very fine pear green buds and leaves.,5.0,20.0,12.0,5.0,https://meileaf.com/p/tea-davc/,Mineral on top of tongue and pear sweetness on sides of mouth.,Brown bread and caramelised pears moving to custard apples and juniperberry.,Mineral and fresh.,"Vanilla custard, brown bread ice cream and kiwi.",Fresh cut golden apples and honey.,"Juniperberry, satsuma, custard apples and pickled greens.",Day Drinking Diva,113.0,0.33,85.0,Raw Puerh,95.0,30.0,120.0,5.0,0.0
131,Arousing and awake.,"Slender, furry, matt brown buds with golden flecks.",Vibrant gold liquor.,Rich chestnut brown buds with small leaves.,5.0,25.0,7.0,4.0,https://meileaf.com/p/tea-ssjc/,Intense cinnamon sweetness.,"Cinnamon, pear candy, maple syrup milk, malted biscuits and violets.",Soft and thick.,Malted biscuits with poached pears in sugar syrup.,Burnt sugar and cooked pears.,"Caramelised bread with raspberry jam, lilac, cinnamon and sweet wine.",Sweet Spice JJM,83.0,0.9,91.0,Black,95.0,60.0,120.0,3.0,0.0
132,Excitable and buzzy drunken sensation.,"Ultra fine, twisted and furry copper gold buds.",Rich and thick chestnut brown.,"Glowing russet brown, even coloured very fine buds.",5.0,25.0,9.0,4.0,https://meileaf.com/p/tea-gblc/,Tingly with powdered sugar and raisin sweetness.,"Malted chocolate, salted caramel pecans, raisins, rose and lychee.","Soft, brothy, round, oily and very thick.","Dark chocolate biscuits, red wine, lychee and dark caramel pecans.","Dark baked rye bread, toffee and dark chocolate raisins.","Lychee syrup, toasted coconut and pain au chocolat with a hint of varnish.",Bailu Gold,52.0,1.13,91.0,Black,95.0,30.0,120.0,5.0,0.0
133,Bright yet settled mind and gentle energy.,Fluffy silver buds and deep spinach green young leaves.,Citrine yellow.,Light pear green buds and sage green leaves.,5.0,30.0,7.0,3.0,https://meileaf.com/p/tea-wpkc/,Quenching tingle to syrupy sweetness.,"Vanilla custard, icing sugar, talcum powder, green acorns and carnations.",Thick.,"Candied almonds, fresh cut pine, persimmon.",Light banana cream.,"Vanilla nougat, marzipan, evaporated milk, banana pudding, acorns.",King Peony,83.0,0.34,92.0,White,90.0,30.0,120.0,3.0,0.0
134,Warm and stimulating circulataion with a bright and happy drunkenness.,"Shimmering, furry, deep brown, khaki and gold leaves.",Orange wine liquor.,Turtle brown leaves.,5.0,25.0,12.0,5.0,https://meileaf.com/p/tea-crcc/,Sweet lotus with a long and cooling mintiness.,"Strawberry candy, rolling tobacco, vanilla poached apples, magnolia, old library, baked oranges and caramel.","Thick, soft and oily texture.","Apricot jam, eucalyptus bark, vanilla pods and sweet rolling tobacco.",Toffee apples and antique woods.,"Plum pie, autumn forests, tinned pineapple, strawberry candy and leather.",Cross-Motion Conductor,52.0,0.62,91.0,Raw Puerh,95.0,30.0,120.0,5.0,0.0
135,,,,,0.0,0.0,0.0,0.0,https://meileaf.com/p/cl-msws/,,,,,,,Matcha Swaddle Set,0.0,100.0,0.0,Green,0.0,0.0,0.0,0.0,0.0
136,Light and lively.,Dark chestnut with auburn flecks medium leaves.,Whisky gold,Deep khaki leaves.,5.0,25.0,10.0,4.0,https://meileaf.com/p/tea-sprcc/,"Gripping minerals leading to sweet, apricot and thyme juiciness.","Peach sherbet, mangosteen, mastic, oregano and cedar.",Medium and mineral.,"Hard peach candy, grapefruit zest, chocolate and hazelnuts.",Apricot yogurt.,"Nectarines, lotus flower and almond brittle.",Orchard Stream,33.0,0.53,87.0,Oolong,99.0,30.0,120.0,3.0,0.0
137,Warming and lively.,Mahogany brown leaves.,Amber gold.,Dark chestnut leaves.,5.0,25.0,10.0,4.0,https://meileaf.com/p/tea-swnc/,Lightly dry to very cooling cinnamon juiciness.,"Whisky, burnt sugar, red dates, lotus seeds, thyme and cinnamon.","Medium, soft and syrupy.","Chocolate almonds, varnish, cannabis and baked orange.",Whisky and chocolate fondant cake.,Peated whisky soaked raisins and dark chocolate.,Swallows Nest,89.0,0.29,89.0,Oolong,99.0,30.0,120.0,3.0,0.0
138,"Buzzy, warm, light and excitable.",Jungle green and dark plum leaves with gold buds.,Pure gold.,"Vibrant, pickle green fine pickings.",5.0,20.0,12.0,5.0,https://meileaf.com/p/tea-mpgc/,Intense tingly dry to sweet flooding juiciness.,"Grape clafoutis, butter toffee, lotus flower and wet rocks.",Thick soft and juicy.,"Vanilla poached pears in caramel, brown bread ice cream and lotus flowers.",Peony and nougat.,"Baked apples, tonka bean and dark raisins.",Mist Pilgrim,51.0,0.53,88.0,Raw Puerh,95.0,30.0,120.0,5.0,0.0
139,Cooling and calming.,Deep green micronised powder.,Dark herb green liquor.,n/a,0.0,0.0,0.0,0.0,https://meileaf.com/p/tea-mlpc/,Soft plant sugar sweetness.,Creamed avocado and steamed milk pudding,"Soft, thick, silky and creamy.",Moss and rivers.,Icing sugar.,Milk pudding and creamed spinach.,Mulberry Leaf Powder,26.0,0.37,89.0,Tisanes,0.0,0.0,0.0,0.0,0.0
140,Bright and happy.,"Lime skin and flesh green, flat leaves.",Bright and light chartreuse.,"Bright, pistachio green leaves.",5.0,20.0,6.0,3.0,https://meileaf.com/p/tea-ljsc/,Soft and juicy with tingly sides of tongue leading to melon and lemon hard candy sweetness.,"Malted barley, borlotti beans, cooked chestnuts, umami broth, gala melon, rice pudding.",Medium to opening and vaporous.,"Roasted borlotti beans, chocolate bourbon biscuits and congee.","Talc, icing sugar and lemon drops.","Feijoada, coffee beans, green peas and alpine air.",Long Jing Supreme,27.0,1.04,92.0,Green,85.0,60.0,120.0,2.0,0.0
141,Bright and light happy energy.,Army green leaves broken from steaming.,Deep lime green.,Delicate pine green young leaves.,10.0,45.0,4.0,4.0,https://meileaf.com/p/tea-fuyc/,Fleeting bitters to cooling and refreshing sweet mandarin juiciness.,"Borlotti beans, buttered buckwheat bread with syrup, yuzu and toasted nori.",Medium.,"Brown butter, marrow and pancake syrup.",Sugared almonds.,"Rose cordial, cherry blossom, marzipan, zucchini soup with buttered sweetcorn.",Sweet Fukamushi Sencha,16.0,0.19,85.0,Green,70.0,30.0,120.0,2.0,1.0
142,Feel good buzzy body feel.,"Deep pine green, shiny needles.",Pale jade yellow.,Delicate arugula green young leaves.,10.0,60.0,4.0,4.0,https://meileaf.com/p/tea-skac/,Lightly dry with a creamy vapour and sweet flooding juiciness.,"Melon milk, buttered daikon, river pebbles, steamed rice and lotus leaves.",Thick and oily.,"Marshmallow, strawberry jam, buttered popcorn, zucchini and honeydew melon.",Cake frosting.,"Steamed, buttered marrow, cherry jam, pine resin and lilacs.",Saeakari Kabusecha,10.0,0.27,95.0,Green,70.0,30.0,120.0,2.0,1.0
143,"Warm and supple, meditative energy.",Rich and bright emerald green powder.,Deep emerald liquor.,n/a,0.0,0.0,0.0,0.0,https://meileaf.com/p/tea-omac/,"Cooling, juicy cooked watermelon and lemon candy sweetness.","Hazelnut syrup, milky coffee, puffed rice treats and sweet basil.",Creamy and uber-smooth.,Speculoos biscuits and dark chocolate.,Sweet red beans and glutinous rice.,"Toasted pistachio, nougat and creamed potatoes.",Tatsuyama Matcha,3.0,0.82,100.0,Green,0.0,0.0,0.0,0.0,0.0
144,Potent buzzy energy with a wild  and high character.,Burgundy and taupe brown young leaves with shiny dark silver buds.,Straw gold liquor.,Light khaki green delicate leaves.,5.0,25.0,12.0,5.0,https://meileaf.com/p/tea-lsrc/,"Mineral bitters which instantly transform to strong, cooling, flowery and slightly soapy sweetness.","Steamed lotus seed dumplings in bamboo baskets, oat cookies, persimmon, aloe and young coconut flesh.",Medium thick and very smooth.,"Chocolate milk, sauna wood and rocks, brown bread and custard.",Apricot yoghurt and ginger biscuits.,"Strawberry jam, steamed sponge cake, apricot nectar, hot pavements.",Love-Struck Rascal,19.0,0.31,88.0,Raw Puerh,95.0,30.0,120.0,5.0,0.0
145,Chilled and reviving.,"Tiny, delicate, oily, rich, dark taupe buds.",Golden Whisky.,"Chocolate and chestnut brown, glistening buds.",5.0,10.0,8.0,3.0,https://meileaf.com/p/tea-gbrc/,Long lingering sweetness.,"Turkish delight, dark chocolate, sandalwood, lychee and rosehip.","Very soft, thick and vaporous.","Cocoa, malt and rose.",Ginger tuile biscuits.,Dark chocolate brownies and geranium.,Gleaming Brow,183.0,0.96,97.0,Black,90.0,60.0,120.0,3.0,0.0
146,Warming and relaxing with a slight drunkenness.,Dark mahogany brown medium leaves.,Amber caramel liquor.,"Deep, glossy mahogany medium leaves.",5.0,25.0,10.0,5.0,https://meileaf.com/p/tea-emoc/,Dry to oily with a raspberry sweetness.,"Vanilla buttercream, antique woods, vinyl and raspberry.",Thick and oily.,"Dark toffee, coffee beans, cocoa and raspberry.",Coconut toffee and wild strawberries.,"Cooked apples, charcoal, dark salted caramel and lime cordial.",Undercover DHP,174.0,1.16,92.0,Oolong,99.0,30.0,120.0,3.0,0.0
147,Bright and refreshing.,Blue green algae and deep pine green ball rolled leaves.,Bright citrine liquor.,"Khaki green, ruffled edge leaves.",5.0,25.0,8.0,5.0,https://meileaf.com/p/tea-souc/,Zingy and bright with a guava juiciness.,"Yoghurt, green mango, watermelon rind and young coconut ice cream.",Medium soft.,"Pineapple, brown butter and biscuits.",Apricot jam and butter.,"Laundry, sour cream, cassava cake, raspberry and magnolia.",Sour Sap,269.0,0.19,86.0,Oolong,95.0,30.0,120.0,3.0,1.0
148,Bright and happy.,Deep pine and lime green needles.,Lime juice green liquor.,Lime khaki green young leaves.,20.0,60.0,4.0,5.0,https://meileaf.com/p/tea-ashc/,Dry to very cooling juiciness.,"Porrigde, strawberry shortbread, cooked cucumber and a bright lemon verbena finish.",Thick and full bodied.,Butter cookies with melted chocolate.,Strawberry jam and butter cookies.,"Creamy porridge, steamed asparagus and wild strawberries.",Ashikubo Sencha,62.0,0.2,93.0,Green,80.0,30.0,120.0,2.0,0.0
149,Bracing but powerful calming sensation.,Black green large twisted leaves.,Golden yellow.,Large dark brown leaves.,10.0,15.0,5.0,1.0,https://meileaf.com/p/tea-blkc/,Clean and dry.,Powerful medicinal bitterness moving to sweet finish.,Medium.,Leather and liquorice.,Smoked prunes.,Medicinal with some fresh tobacco and smoke.,Big Leaf Kuding,75.0,0.25,77.0,Tisanes,99.0,30.0,60.0,2.0,0.0
